"company_id","company_name","Domain","Enrich Company","Name","Website","Employee Count","Size","Industry","Description","Url","Slug","Type","Domain (2)","Org Id","Country","Is Primary - Locations","Address - Locations","Company Id","Last Refresh","Follower Count","Annual Revenue"
5,"UserFirst Software, Inc.","leanlaw.co","LeanLaw - Legal Billing Software","LeanLaw - Legal Billing Software","https://www.leanlaw.co",29,"11-50 employees","Accounting","LeanLaw is a cloud-based legal timekeeping and billing software designed by lawyers for lawyers. With our best-in-class integration with QuickBooks Online, LeanLaw improves financial operations for small to mid-sized law firms. Our intuitive platform simplifies time tracking, billing, and reporting, empowering legal professionals to optimize profitability and efficiency.

With a focus on financial transparency and streamlined workflows, LeanLaw helps firms thrive by automating manual tasks, reducing complexity, and providing valuable insights into firm performance. Our commitment to client satisfaction and innovative solutions makes us the top-rated legal app in the QuickBooks Online marketplace.

Join us on our mission to empower law firms with the tools they need to succeed in the modern legal landscape.","https://www.linkedin.com/company/leanlaw","leanlaw","Privately Held","leanlaw.co",3534786,"US",true,"950 W Bannock St, 4th Floor, Boise, Idaho 83702, US",99324664,"2026-06-29T23:01:36.852Z",2851,"5M-10M"
9,"Board Management Software, Inc.","boardableapp.com","Board Management Software, Inc.","Board Management Software, Inc.","http://boardableapp.com",,"11-50 employees","Software Development","Boardable is affordable, easy-to use board management software built to help nonprofit boards schedule, meet, and communicate. Get started free!","https://www.linkedin.com/company/board-management-software-inc.","board-management-software-inc.",,"boardableapp.com",62102578,"US",true,"6219 GUILFORD AVE, Indianapolis, Indiana 46220, us",195352195,"2026-06-27T01:14:38.738Z",,"5M-10M"
20,"ReSpark Software, Inc.","respark.com","ReSpark","ReSpark","http://www.respark.com",4,"11-50 employees","Architecture and Planning","Digital Architect Support Tools
CAD services
CAD support software 
CAD real time calculation and compliancy modules","https://www.linkedin.com/company/respark","respark","Privately Held","respark.com",245919,"NL",true,"Amsterdam, Noord Holland 1043 AJ, NL",82123293,"2026-06-28T22:56:53.990Z",288,"1M-5M"
21,"Kepler Software, Inc.","keplergrp.com","Kepler","Kepler","keplergrp.com",871,"501-1,000 employees","Advertising Services","We’re on a mission to clarify the digital universe.

Honored in 2025 and 2026 as Digiday's ""Most Innovative Media Agency,"" Kepler Group fuses advanced data analytics with human insight and world-class creativity. And with our proprietary KipTM technology, we turn complex data into action that resonates with audiences and propels global brands into the future.","https://www.linkedin.com/company/keplergrp","keplergrp","Privately Held","keplergrp.com",2611969,"US",true,"6 East 32nd Street, 9th Floor, New York, New York 10016, US",92613306,"2026-06-27T02:24:58.883Z",29610,"75M-200M"
26,"InfraSight Software Corp","infrasight.software","InfraSight Software","InfraSight Software","http://infrasight.software",13,"11-50 employees","Information Services","InfraSight is the Risk Management Platform for the AI Economy – bringing capital markets precision to how enterprises govern infrastructure.

Compute is no longer just a line-item expense. It has become one of the most volatile inputs shaping enterprise value and AI advantage. C-Suite and board executives face increasingly high-stakes decisions on infrastructure investments, risk exposure, and capacity planning – often with incomplete or opaque vendor data.

InfraSight provides the clarity and control to actively manage compute as a financial asset. At the core is our patent-protected Workload Compute Unit (WCU): a universal benchmark and contract pricing metric that serves as a vendor-neutral standard for compute economics. WCU establishes a single unit of account for executives, with audit-ready transparency and apples-to-apples comparability.

Where we help most:
• M&A Lifecycle: Evaluate deals and integrations with precise infrastructure valuation and synergy identification.
• Governance & Compliance (GRC): Meet board and regulatory expectations with audit-ready reporting and transparency.
• Hedging & Capacity Planning: Quantify compute exposure, hedge risk, and optimize long-term capacity investments.

InfraSight is defining the financial system for the Compute Economy. We invite enterprises, technology providers, and ecosystem innovators to partner with us in building it.

Follow us here on LinkedIn and on X @infrasightsc to stay connected as we scale this new category.","https://www.linkedin.com/company/infrasight-software","infrasight-software","Privately Held","infrasight.software",35433500,"US",true,"Charlotte, North Carolina 28078, US",111607621,"2026-06-30T13:06:42.322Z",641,"5M-10M"
33,"Appraisal Dream LLC","appraisaldream.com","Appraisal Dream","Appraisal Dream","www.appraisaldream.com",1,"2-10 employees","Financial Services","Built for M&E professionals who need comps that hold up and reports that survive scrutiny.","https://www.linkedin.com/company/appraisal-dream","appraisal-dream","Privately Held","appraisaldream.com",110973360,"US",true,"717 Adams St NE, Minneapolis, Minnesota 55413, US",204781678,"2026-06-27T00:44:56.278Z",10,"1M-5M"
34,"2ClickFit, Inc.","2clickfit.com","❌ Company Not Found",,,,,,,,,,,,,false,,,,,
35,"Platform VCS I, LLC","platformv.com","Platform Ventures","Platform Ventures","https://www.platformv.com/",8,"11-50 employees","Investment Management","Platform is an independent, entrepreneurial private investment firm focused on building businesses and investing in real estate assets that create long-term value. The Firm’s operator-oriented investment platform is vertically integrated across infrastructure & logistics, housing, and real estate credit through subsidiaries that include Platform Investments, LLC, a wholly owned SEC registered investment advisor. The Firm invests selectively across the capital structure in direct acquisitions, joint ventures, recapitalizations, and reorganizations. Visit platformv.com for more information.","https://www.linkedin.com/company/platform-ventures","platform-ventures","Privately Held","platformv.com",24005868,"US",true,"1511 Baltimore Ave, Kansas City, Missouri 64108, US",91725743,"2026-06-29T12:13:47.700Z",1849,"5M-10M"
36,"Firebird Music Holdings, LLC","firebirdmusic.com","Firebird Music","Firebird Music","https://firebirdmusic.com/",70,"11-50 employees","Entertainment Providers","Our mission is to do what is best for artists above all, and to inspire the fan in everyone.

Firebird is a next generation music company providing career and brand guidance to over 1,000 artists worldwide to help them develop and grow broader global audiences and build longer lasting, higher impact, more profitable careers. 

Founded by Nat Zilkha (Partner at KKR, Chairman of Gibson Brands) and Nathan Hubbard (former CEO of Ticketmaster, Rival and executive at Twitter), Firebird is redefining the intersection of music, technology and finance and has rich expertise across the spectrum of artist management and intellectual property creation, from traditional endeavors like touring and recording, to cutting edge marketing and consumer product development, to emerging digital platforms, gaming, and AI.  

Firebird’s rapidly expanding roster of partners includes some of the most important companies across the various aspects of the music landscape today including Red Light Management, Mick Management, Transgressive, Defected, Ntertain, JET, Tape Room, Easier Said and many more.","https://www.linkedin.com/company/firebirdmusic","firebirdmusic","Privately Held","firebirdmusic.com",82307419,,false,,156268255,"2026-06-30T16:38:41.274Z",5572,"10M-25M"
37,"DF Platform Exchange, LLC","secinfo.com","❌ Company Not Found",,,,,,,,,,,,,false,,,,,
63,"MaxCyte, Inc","maxcyte.com","MaxCyte, Inc.","MaxCyte, Inc.","http://www.maxcyte.com",105,"51-200 employees","Biotechnology","We invest in our partners early on, working side by side in optimizing their processes to derisk their path to the clinic faster. Our ExPERTTM platform, which is based on our Flow Electroporation technology, has been designed to support the rapidly expanding cell therapy market and can be utilized across the continuum of the high-growth cell therapy sector, from discovery and development through commercialization of next-generation, cell-based medicines. The ExPERT family of products includes: five instruments, the ATxTM, STxTM, GTxTM, DTxTM and VLx TM; a portfolio of proprietary related processing assemblies or disposables; and software protocols, all supported by a robust worldwide intellectual property portfolio. By providing our partners with the right technology, as well as technical and regulatory support, we aim to guide them on their journey to transform human health.","https://www.linkedin.com/company/maxcyte-inc-","maxcyte-inc-","Public Company","maxcyte.com",131564,"US",true,"9713 Key West Ave, Suite 400, Rockville, Maryland 20850, US",84185350,"2026-06-30T16:56:13.940Z",11236,"25M-75M"
64,"LevelTen Energy","leveltenenergy.com","LevelTen Energy","LevelTen Energy","http://www.leveltenenergy.com/",121,"51-200 employees","Services for Renewable Energy","LevelTen Energy is the leading provider of transaction infrastructure for the clean energy transition, connecting buyers, sellers, and financiers through dynamic marketplaces, data-driven insights, and automated analytics. The LevelTen Platform supports power purchase agreements (PPAs) and tax credit transfers—soon expanding to granular certificate trading—enabling organizations to execute and manage transactions with confidence. With a network of over 1,000 project developers in 35 countries, LevelTen is advancing carbon-free energy markets by increasing transparency, liquidity, and accessibility. Learn more at LevelTenEnergy.com.","https://www.linkedin.com/company/leveltenenergy","leveltenenergy","Privately Held","leveltenenergy.com",10863508,"US",true,"Seattle, Washington, US",141317479,"2026-06-30T13:37:07.942Z",19538,"10M-25M"
66,"PacifiCorp","pacificorp.com","PacifiCorp","PacifiCorp","http://www.pacificorp.com",2951,"5,001-10,000 employees","Utilities","As a locally managed, wholly owned subsidiary of Berkshire Hathaway Energy Company, PacifiCorp is a leading western U.S. energy services provider and the largest grid owner/operator in the West. Serving 2 million customers across 143,000 square miles in six western states, we  will continue to grow our renewable resources and transition to a lower carbon future.

PacifiCorp is comprised of two business units: Pacific Power (www.pacificpower.net), headquartered in Portland, Ore., serves customers in Oregon, Washington and California; and Rocky Mountain Power (www.rockymountainpower.net), headquartered in Salt Lake City, Utah serves customers in Utah, Wyoming and Idaho.","https://www.linkedin.com/company/pacificorp","pacificorp","Privately Held","pacificorp.com",165381,"US",true,"825 NE Multnomah Street, Portland, Oregon 97232, US",81759348,"2026-06-27T02:41:18.442Z",32892,"10B-100B"
67,"Westmark Credit Union","westmark.org","Westmark Credit Union","Westmark Credit Union","http://www.westmark.org",176,"201-500 employees","Banking","Westmark Credit Union has been helping the people of Idaho grow financially since 1954. We are a full-service financial cooperative, entirely owned by our members and committed to the development of their financial future. Our earnings are used to benefit you by providing a broad portfolio of financial products and services with attractive rates and low fees.

Our History
Westmark Credit Union has a history here in Idaho.
Westmark Credit Union was founded in 1954 as Atomic Workers Credit Union by eleven Idaho National Engineering Laboratory employees, with a single location in Idaho Falls. Initially, most of the credit union's business was conducted in the basement or house of different Board Members or members.

Our first office was opened in Idaho Falls in 1964. The Blackfoot Office was established in 1975. In 1976, the First Street Office was built and the first Pocatello location was established in 1977. A merger with Amidaway Credit Union facilitated the opening of our Westside Idaho Falls Branch in 1982, followed by another merger with Motran Credit Union shortly thereafter.

The credit union obtained a Federal Charter in 1984 and became Atomic Workers Federal Credit Union. As the membership became more diversified, the name was changed to Westmark Federal Credit Union in 1987. In 1989, the members of Alliance Federal Credit Union and KID Credit Union also merged with Westmark to increase the membership to over 29,000 members and seven conveniently located branches in Southeastern Idaho. In 1998, Westmark applied for and obtained a State Charter and became Westmark Credit Union. The credit union opened its first branch in the Boise area in 2004. The credit union now has five branches in the Boise area and one in Twin Falls, bringing our branch network to a total of 15. Westmark currently provides service to over 68,000 members.","https://www.linkedin.com/company/westmark-credit-union","westmark-credit-union","Non Profit","westmark.org",4001894,"US",true,"2520 Channing Way, Idaho Falls, Idaho 83404, US",89895223,"2026-06-30T01:38:22.176Z",1164,"25M-75M"
68,"Merchants Bank of Indiana","bankmerchants.com","Merchants Bank IN","Merchants Bank IN","http://www.bankmerchants.com",392,"501-1,000 employees","Banking","Ranked as one of the top-performing banks in the U.S. by American Banker/Capital Performance Group, Merchants Bank focuses on several segments of the banking industry, including retail and correspondent residential mortgage banking, multifamily mortgage banking, business banking (including small business lending), agricultural lending, mortgage warehouse financing, and traditional community banking. Merchants Bank conducts business from its Indiana banking centers and various regional production offices. 

Social Media Guidelines and Terms:  www.bankmerchants.com/social-media-guidelines/","https://www.linkedin.com/company/merchants-bank-in","merchants-bank-in","Public Company","bankmerchants.com",2759588,"US",true,"410 Monon Blvd, Carmel, IN 46032, US",152555808,"2026-06-27T03:41:35.899Z",5630,"200M-500M"
70,"Kaiser Permanente","kp.org","Kaiser Permanente","Kaiser Permanente","http://kp.org",137851,"10,001+ employees","Hospitals and Health Care","At the heart of health care, you’ll find Kaiser Permanente. As the nation’s leading not-for-profit, integrated health plan, we make a difference in the lives of members, patients, and communities across the country. 

With 39 hospitals and more than 734 locations in eight states and the District of Columbia, we proudly serve more than 12.7 million members from coast to coast. Whether you choose to join a hospital in the Northwest, a clinic in Southern California, or a medical office in the Mid-Atlantic, we have many opportunities for you to shape the future of care.

Our teams are empowered to advance impactful and extraordinary care for all by pioneering health outcomes, encouraging diverse viewpoints, and creating new opportunities for learning and advancement. This covers more than our members and our employees; it also reaches far into our communities. Together, we’re proudly working as one for a healthier today and tomorrow. 

*Disclaimer: Please do not include any medical, personal, or confidential information in your comments. Comments are encouraged; however, Kaiser Permanente reserves the right to moderate comments on this page as necessary to prevent medical, personal, and confidential information from being posted on this site. In addition, Kaiser Permanente will remove all spam, personal attacks, profanity, and off-topic commentary. Comments containing advertisements about goods or services or announcements about news or events that are not related to Kaiser Permanente will be removed. Please note that your communications with Kaiser Permanente through this page are informal and are not part of Kaiser Permanente’s formal grievance process for members. To get information about the member grievance process or to submit a grievance, go to http://k-p.li/2aToRTn","https://www.linkedin.com/company/kaiser-permanente","kaiser-permanente","Non Profit","kp.org",1550,"US",true,"1 Kaiser Plaza, Oakland, California 94612, US",91119543,"2026-06-30T14:45:44.919Z",1105019,"500M-1B"
71,"Salt","welovesalt.com","Salt","Salt","https://www.welovesalt.com",824,"201-500 employees","Professional Services","We’re a global talent and recruitment solutions business, creating digital futures for people and companies. We connect ambitious people with bold brands across marketing, creative, tech, sales and more. Beyond recruitment, we deliver talent and digital solutions that drive transformation and growth.

With 22 offices across 5 continents, we deliver tailored solutions across recruitment, offshore teams, and projects on demand. Partnering with start-ups, scale-ups, agencies, and global enterprises to build high-impact teams and projects. 

Salt is more than a recruitment business - we create futures, globally.","https://www.linkedin.com/company/salt","salt","Privately Held","welovesalt.com",970538,"GB",true,"9 Wootton Street, London, Greater London SE1 8TG, GB",82615975,"2026-06-27T01:47:02.725Z",2064926,"75M-200M"
74,"Stellus Rx","stellusrx.com","Stellus Rx","Stellus Rx","www.stellusrx.com",164,"201-500 employees","Hospitals and Health Care","We’re opening eyes, hearts and minds to the impact that a pharmacy team can have in changing lives. By providing the personalized health support that people didn’t even know existed, Stellus Rx helps them navigate their health journeys with greater ease, confidence and repeatable results.","https://www.linkedin.com/company/stellus-rx","stellus-rx","Privately Held","stellusrx.com",82286001,"US",true,"8277 Belleview Dr., Plano, Texas 75024, US",139012638,"2026-06-27T02:06:53.910Z",3367,"25M-75M"
75,"Global Partners","globalpartners.com.tr","Global Partners","Global Partners","http://www.globalpartners.com.tr",2,"2-10 employees","Financial Services","Global Partners, şirketlerin ihtiyaçları doğrultusunda finansal danışmanlık hizmetlerini kapsamlı şekilde projeye özel çözümler üreterek sunar.
Bu kapsamda ;
•	Yatırım Planlaması ve Yönetimi: Yatırımların, firmaların ihtiyaçlarına ve kaynaklarına göre doğru bir şekilde planlamasını sağlıyoruz.
•	Proje Yönetimi: Yatırım projelerinin, uluslararası proje yönetim ilkeleri çerçevesinde tüm süreçlerinin ve faaliyetlerinin koordineli bir şekilde yürütülmesini sağlıyoruz.
•	Teknik ve Finansal Fizibilite: Girişimcilerin yatırım önerilerinin yapılabilirliğini ve gerektiğinde pazar, teknik ve finansal analizlerini yaparak uygunluğunu değerlendirerek raporluyoruz.
•	Proje Finansmanı: Uzman kadromuz, ve global  ağımız sayesinde uluslararası standartlarda finansman yapıları oluşturuyoruz. 
•	Private Equity & Venture Capital : Sermaye yapısını güçlendirip işin gelişimine katkıda bulunabilecek yabancı yatırımcılar, stratejik alıcılar ve özel sermaye firmalarının bulunmasında ve ortaklık sürecinde danışmanlık hizmeti veriyoruz.
•	Birleşme ve Satınalma: Firma için potansiyel olabilecek tüm uluslararası ve yerel finansal ve stratejik yatırımcılar ile görüşerek, işletmeyi en iyi şekilde tanıtma ve firmaya en yüksek getiriyi garanti edecek anlaşmayı kurgulama konusunda hizmet vermekteyiz.

Global Partners provides financial advisory services to domestic and international companies as well as international investors, who are interested in investing or trading in Turkish markets. We  specialize in the following fields:

•	   Mergers and Acquisition
•	   Private Equity and Venture Capital
•	   Project Management 
•	   Technical and financial feasibility
•	   Project Financing","https://www.linkedin.com/company/globalpartners-danışmanlık-a-ş-","globalpartners-danışmanlık-a-ş-","Privately Held","globalpartners.com.tr",10339428,"TR",true,"Bilim Sokak. Sun plaza No:5  Akt:13, Maslak, Istanbul, 34398, TR",98713032,"2026-06-27T05:06:25.126Z",569,"500K-1M"
78,"J.P. Morgan","jpmorgan.com","J.P. Morgan","J.P. Morgan","http://www.jpmorgan.com",85461,"10,001+ employees","Financial Services","J.P. Morgan is a leader in financial services, offering solutions to clients in more than 100 countries with one of the most comprehensive global product platforms available. We have been helping our clients to do business and manage their wealth for more than 200 years. Our business has been built upon our core principle of putting our clients' interests first.

J.P. Morgan is part of JPMorgan Chase & Co. (NYSE: JPM), a global financial services firm.

Social Media Terms and Conditions: https://bit.ly/JPMCSocialTerms

 2017 JPMorgan Chase & Co.  JPMorgan Chase is an equal opportunity and affirmative action employer Disability/Veteran.","https://www.linkedin.com/company/jpmorgan","jpmorgan","Public Company","jpmorgan.com",1067,"US",true,"270 Park Avenue, New York, NY 10017, US",138217456,"2026-06-30T22:19:00.205Z",5996399,"200M-500M"
81,"Vanguard","vanguard.com","Vanguard","Vanguard","http://www.vanguard.com",27584,"10,001+ employees","Financial Services","We are a community of 50 million who think—and feel—differently about investing. Together, we’re changing the way the world invests.
 
For over 50 years, Vanguard has helped people pursue their financial goals with a spotlight on long-term value and low costs. We’ve made it a focus to put investors first, so whether you’re saving for your first home or investing for a comfortable retirement, we’re here to help you succeed.
 
Community guidelines: vgi.vg/sgl1","https://www.linkedin.com/company/vanguard","vanguard","Privately Held","vanguard.com",3184,"US",true,"100 Vanguard Blvd, Valley Forge, PA 19482, US",81759362,"2026-06-27T00:03:35.548Z",737345,"75M-200M"
83,"Verisk","verisk.com","Verisk","Verisk","https://www.verisk.com/",5804,"5,001-10,000 employees","Information Services","Verisk is a leading strategic data analytics and technology partner to the global insurance industry. It empowers clients to strengthen operating efficiency, improve underwriting and claims outcomes, combat fraud and make informed decisions about global risks, including climate change, catastrophic events, sustainability and political issues. Through advanced data analytics, software, scientific research and deep industry knowledge, Verisk helps build global resilience for individuals, communities and businesses. 

Verisk has received U.S. certification from Great Place to Work for a decade. Verisk has also earned Great Place to Work certifications in the UK, Spain, Poland and India. In addition, Verisk was named one of the Best Workplaces in New York by Fortune magazine and Great Place to Work. In the UK, Verisk was recognized by Great Place to Work as a Best Workplace for tech and well-being. Verisk was also honored on the Best Workplaces lists in India, the UK, Spain and Málaga.","https://www.linkedin.com/company/verisk-analytics","verisk-analytics","Public Company","verisk.com",580619,"US",true,"545 Washington Blvd., Jersey City, NJ 07310, US",82444196,"2026-06-30T15:15:33.606Z",352043,"1B-10B"
84,"Stord","stord.com","Stord","Stord","https://www.stord.com/",2036,"1,001-5,000 employees","Transportation, Logistics, Supply Chain and Storage","Stord is the leading commerce enablement platform that powers seamless checkout and delivery experiences for brands across all channels. Stord partners with hundreds of brands to grow revenue, reduce operational expenses, and delight shoppers – Stord manages over $5B+ of commerce annually.

With Stord, brands can increase cart conversion, improve unit economics, and drive customer loyalty. Stord’s end-to-end commerce solutions combine best-in-class omnichannel fulfillment and shipping with leading technology to ensure fast shipping, reliable delivery promises, easy access to more channels, and improved margins on every order.

Hundreds of brands, such as AG1, Native, Tula, and American Giant, trust Stord to make their supply chains a competitive advantage. Stord is headquartered in Atlanta, Georgia with managed centers across the United States, Canada, and Europe. Stord is backed by top-tier investors including Kleiner Perkins, Franklin Templeton, Founders Fund, and Salesforce Ventures.

Join our team: https://www.stord.com/careers/.","https://www.linkedin.com/company/stord","stord","Privately Held","stord.com",10239521,"US",true,"5195 Mason Rd, Union City, Georgia 30291, US",91520538,"2026-06-30T12:39:15.576Z",32702,"500M-1B"
85,"Transunion","transunion.com","TransUnion","TransUnion","http://www.transunion.com",17033,"10,001+ employees","IT Services and IT Consulting","TransUnion is a global information and insights company that makes trust possible in the modern economy. We do this by providing an actionable picture of each person so they can be reliably represented in the marketplace.  As a result, businesses and consumers can transact with confidence and achieve great things.  

This picture is grounded in our legacy as a credit reporting agency which enables us to tap into both credit and public record data; our data fusion methodology that helps us link, match and tap into the awesome combined power of that data; and our knowledgeable and passionate team, who stewards the information with expertise, and in accordance with local legislation around the world. 

A leading presence in more than 30 countries across five continents, TransUnion provides solutions that help create economic opportunity, great experiences and personal empowerment for hundreds of millions of people.

We call this Information for Good — it’s our purpose, and what drives us every day.

Get Support / Contact Us
Customer Support: https://transu.co/60024D64I
Business Support: https://transu.co/60044D67G","https://www.linkedin.com/company/transunion","transunion","Public Company","transunion.com",4310,"US",true,"Chicago, Illinois, US",82023429,"2026-06-30T15:37:28.191Z",586725,"1B-10B"
86,"Solace","solace.health","Solace","Solace","http://solace.health",1073,"201-500 employees","Hospitals and Health Care","Healthcare is impossibly complex, and most people are left to navigate it alone. Solace was built to change that.

Covered by insurance nationwide, Solace delivers expert care navigation by pairing patients and families with dedicated healthcare advocates. Continuity matters, and Solace advocates are nurses and care specialists with an average of 16+ years of experience who stay with patients through diagnoses, hospitalizations, chronic illness, and every challenge in between. The system becomes navigable with the right advocate.

The people who build and operate Solace work here because we know the problem is real, and so are the people living it. That responsibility drives us to empower patients, improve outcomes, and restore the promise of the U.S. healthcare system.

Learn more at solacehealth.com.","https://www.linkedin.com/company/find-solace","find-solace","Privately Held","solace.health",82861505,"US",true,"Redwood City, California, US",139012666,"2026-06-30T12:38:25.895Z",26657,"75M-200M"
87,"Revolut","revolut.com","Revolut","Revolut","https://www.revolut.com",18958,"10,001+ employees","Financial Services","People deserve more from their money. More visibility, more control, and more freedom. Since 2015, Revolut has been on a mission to deliver just that. Our powerhouse of products help our 70+ million customers get more from their money every day.

As we continue our lightning-fast growth, 2 things are essential to our success: our people and our culture. In recognition of our outstanding employee experience, we've been certified as a Great Place to WorkTM.

So far, we have 10,000+ people working around the world, from our offices and remotely, to help us achieve our mission. And we're looking for more brilliant people. People who love building great products, redefining success, and turning the complexity of a chaotic world into the simplicity of a beautiful solution.","https://www.linkedin.com/company/revolut","revolut","Privately Held","revolut.com",5356541,"GB",true,"30 S Colonnade, London, England E14 5HX, GB",91332044,"2026-07-01T14:00:01.829Z",2048223,"10B-100B"
90,"Kforce Technology Staffing","kforce.com","Kforce Inc","Kforce Inc","https://kfrc.co/49oDRnX",3250,"1,001-5,000 employees","IT Services and IT Consulting","Kforce is a solutions firm specializing in technology, finance and accounting, and professional staffing services. Our KNOWLEDGEforce empowers industry-leading companies to achieve their digital transformation goals. We curate teams of technical experts who deliver solutions custom-tailored to each client’s needs. These scalable, flexible outcomes are shaped by deep market knowledge, thought leadership and our multi-industry expertise.

Our integrated approach is rooted in 60 years of proven success deploying highly skilled professionals on a temporary and direct-hire basis. Each year, approximately 18,000 talented experts work with the Fortune 500 and other leading companies. Together, we deliver Great Results Through Strategic Partnership and Knowledge Sharing","https://www.linkedin.com/company/kforce","kforce","Public Company","kfrc.co",3076,"US",true,"1150 Assembly Dr, Tampa, Fl 33607, US",81765197,"2026-06-28T02:44:47.051Z",1213874,"1B-10B"
91,"GoodLeap","goodleap.nl","❌ Company Not Found",,,,,,,,,,,,,false,,,,,
93,"Braums","braums.com.au","BRAUMS","BRAUMS","https://www.braums.com.au",31,"11-50 employees","Transportation/Trucking/Railroad","BRAUMS is an Australian electronic design and manufacturing company offering a variety of ITS equipment, Traffic Signals, Parking, Smart City management solutions, and Public Lighting. In addition to being Australia’s leading LED traffic light manufacturer, BRAUMS delivers a range of real-time data collection and IoT traffic monitoring products, as well as parking guidance systems and illuminated LED signage.

We support the convergence of automation, IT and intelligent vehicles and see an increasing demand for connectivity across the digital transport network. In addition to design and manufacturing, we provide consultation, project management and system integration solutions for a number of intelligent transport and smart city demands.

To keep our clients and product users informed on the best practice for operating our products, we offer in-depth training courses at our on-site training facility. Our interactive courses cover everything from installation and configuration, to maintenance and system optimisation.

Our headquarters are based in Sydney, Australia, but we have strong national and international distribution networks. We have warehouses and offices throughout Australia and China, with trusted industry partners in Australia, Europe and the Middle East.","https://www.linkedin.com/company/braums","braums","Privately Held","braums.com.au",65109868,"AU",true,"Unit M, 10-16 South St, Rydalmere, New South Wales 2116, AU",113230919,"2026-06-28T17:46:29.470Z",1680,"5M-10M"
95,"Mastercard","mastercard.com","Mastercard","Mastercard","http://www.mastercard.com",49740,"10,001+ employees","IT Services and IT Consulting","Mastercard powers economies and empowers people in 200+ countries and territories worldwide. Together with our customers, we’re building a sustainable economy where everyone can prosper. We support a wide range of digital payments choices, making transactions secure, simple, smart and accessible. Our technology and innovation, partnerships and networks combine to deliver a unique set of products and services that help people, businesses and governments realize their greatest potential.","https://www.linkedin.com/company/mastercard","mastercard","Public Company","mastercard.com",3015,"US",true,"2000 Purchase St, Purchase, NY 10577, US",81759248,"2026-06-30T16:58:27.385Z",2450476,"10B-100B"
97,"Citizens","citizensbank.com","Citizens","Citizens","http://www.citizensbank.com",23276,"10,001+ employees","Banking","At Citizens, we recognize that the journey to accomplishment is no longer linear and that individuals are made of all they have done and all they are going to do. As one of the oldest and largest financial services firms in the United States with a history dating back to 1828, we’re committed to providing solutions and expertise that support our customers, clients, colleagues, and communities in what’s next on their own unique journey. 

Whether you’re considering banking with us or looking to work with us, you’ll find a customer-centric culture and a supportive, collaborative workforce at Citizens.

You’re made ready and so are we. #MadeReady","https://www.linkedin.com/company/citizens-bank","citizens-bank","Public Company","citizensbank.com",163062,"US",true,"1 Citizens Plaza, Providence, Rhode Island 02903, US",82090339,"2026-06-30T17:07:06.853Z",198303,"75M-200M"
98,"Medline Industries","medline.com","Medline Sinclair","Medline Sinclair","http://www.sinclairdental.com",419,"501-1,000 employees","Hospitals and Health Care","Medline Sinclair is transforming dental supply in Canada—expanding rapidly without ever compromising on quality, innovation, or customer service. Proudly Canadian-owned and operated, we are committed to improving customer satisfaction, delivering cutting-edge solutions, having the largest product offering, and staying ahead of industry trends.

Backed by a passionate team of over 600 professionals, we offer renowned customer service, expert technical support, award-winning design services, and the latest in high-tech equipment and software from the world’s top manufacturers.

Visit one of our showrooms from Vancouver to Halifax and experience the Medline Sinclair difference firsthand!","https://www.linkedin.com/company/sinclair-dental","sinclair-dental","Privately Held","sinclairdental.com",416564,"CA",true,"900 Harbourside Drive, North Vancouver, BC V7P 3T8, CA",81820488,"2026-06-27T00:31:06.023Z",8489,"75M-200M"
99,"Capital One","capitalone.com","Capital One","Capital One","http://www.capitalone.com",82849,"10,001+ employees","Financial Services","At Capital One, we're making things better for our customers and associates through innovation and collaboration. We were founded on the belief that everyone deserves financial freedom—and are dedicated to a world where all have equal opportunity to prosper. 

Banking is in our DNA, but we are so much more than a bank. We always think about what’s next—and how we can bring our customers the tools needed to improve their financial lives. Your ideas, experiences and skills will help make banking better. You’ll be part of a supportive culture while earning amazing benefits. That’s life at Capital One. 

Capital One is an equal opportunity employer (EOE, including disability/vet) committed to non-discrimination in compliance with applicable federal, state, and local laws.

View our Social Media Community Guidelines https://www.capitalone.com/digital/social-media/","https://www.linkedin.com/company/capital-one","capital-one","Public Company","capitalone.com",1419,"US",true,"1680 Capital One Drive, McLean, Va 22102, US",81758947,"2026-06-30T16:36:51.137Z",1174281,"10B-100B"
100,"American Express","americanexpress.com","American Express","American Express","https://www.americanexpress.com/",95630,"10,001+ employees","Financial Services","At American Express, we know that with the right backing, people and businesses have the power to progress in incredible ways. Whether we’re supporting our customers’ financial confidence to move ahead, taking commerce to new heights, or encouraging people to explore the world, our colleagues are constantly striving to uphold our powerful backing promise to our customers and each other every day. 
 
These beliefs have been our North Star for 170 years as our business transformed – from helping evacuate travelers during World Wars, to ensuring the safety of our customers’ funds during the Great Depression in the U.S., to creating the Shop Small movement to help small businesses recover from the Financial Crisis, to providing aid to communities impacted by many natural disasters and so much more.  
 
For generations, the key to our success has been the determination and resilience of our American Express colleagues. Now, as a globally integrated payments company, we work together to provide customers with access to products, insights and world-class experiences that enrich lives and build business success. Join us and let’s lead the way together. 

Learn more about us at: 
https://www.americanexpress.com/careers
https://www.americanexpress.com/
https://www.facebook.com/AmericanExpressUS
https://www.instagram.com/americanexpress/
https://twitter.com/americanexpress
https://www.youtube.com/user/AmericanExpress

See our community guidelines at: 
https://www.americanexpress.com/en-us/company/community-guidelines/

If you have a customer service issue or question, please visit www.americanexpress.com/contactus","https://www.linkedin.com/company/american-express","american-express","Public Company","americanexpress.com",1277,"US",true,"World Financial Center, 200 Vesey Street, New York, NY 10285, US",81760400,"2026-06-30T14:04:55.411Z",3632369,"10B-100B"
101,"Oracle","oracle.com","Oracle","Oracle","http://www.oracle.com",207727,"10,001+ employees","IT Services and IT Consulting","Oracle is a global leader in AI, delivering the cloud infrastructure, data, and applications that organizations across the world trust to successfully achieve business outcomes at scale.

Oracle Cloud Infrastructure (OCI) provides fast, flexible, scalable AI infrastructure. With superior compute performance and network design, a comprehensive choice of AI services for developing and orchestrating agentic AI workflows at scale, and unrivaled data control, security, privacy, and governance, OCI is designed for AI workloads. It also gives customers the flexibility to run their workloads wherever they need by supporting public cloud, multicloud, hybrid cloud, sovereign, and on-premises deployments.

The Oracle AI Database is the only database with AI natively built in everywhere. By bringing AI to where data lives, the Oracle AI Database delivers enterprise-grade AI securely, cost-effectively, and at scale. In-database machine learning and vector search enable AI models to run where data resides. Support for multi-modal data (structured, unstructured, graph, vector) enables richer AI use cases. 

The Oracle AI Data Platform enables organizations to build, deploy, and govern AI agents and applications on top of private, secure, and distributed enterprise data. This enables organizations to operationalize AI without compromising data security or control. 

Oracle Applications embed AI directly into business workflows and industry processes to ensure AI is delivered in context, where work happens. They include the only applications suite that brings AI to every aspect of a business, with AI-powered ERP, HCM, and CX applications, and the Oracle Health Suite which provides applications for managing the entire healthcare ecosystem. Oracle also provides industry-specific cloud application suites for more than two dozen industries and NetSuite, the world’s first cloud computing company.  

This LinkedIn page serves as Oracle’s official global company page.","https://www.linkedin.com/company/oracle","oracle","Public Company","selectminds.com",1028,"US",true,"2300 Oracle Way, Austin, Texas 78741, US",82024122,"2026-06-30T14:23:23.236Z",11428659,"10B-100B"
157,"BC Forward","bcforward.com","BCforward","BCforward","https://www.bcforward.com",1666,"5,001-10,000 employees","IT Services and IT Consulting","BCforward is a global talent and technology solutions partner helping organizations accelerate outcomes through people, platforms, and expertise.

Founded in 1998 and headquartered in Indianapolis, BCforward supports enterprise and public sector clients across the United States, Canada, and India. For more than 25 years, we have helped organizations navigate change, scale operations, and deliver-mission critical initiatives by connecting the right talent with the right solutions. 

Our capabilities span: 
- Talent Solutions
- Professional + Project Services
- Workforce Management + Payroll
- Technology + AI-Enabled Solutions

Through a unified delivery model, BCforward helps organizations build high-performing teams, modernize operations, and execute complex programs with speed and confidence. 

We partner with leading organizations across industries including financial services, healthcare, government, life sciences, technology, energy + utilities, manufacturing, and retail.

As one of the largest minority-owned consulting and workforce solutions firms in the United States, BCforward is committed to creating opportunity, delivering measurable value for clients, and building careers for talented professionals who power the future of work.","https://www.linkedin.com/company/bcforward","bcforward","Privately Held","bcforward.com",947715,"US",true,"9777 N College Avenue, Indianapolis, IN 46280, US",81743140,"2026-06-23T23:54:41.034Z",435694,"1B-10B"
290,"a.v.r.i.z","avriz.com","❌ Company Not Found",,,,,,,,,,,,,false,,,,,
291,"Solvemeet","solvemeet.com","Solve Meet","Solve Meet","solvemeet.com",1,"5,001-10,000 employees","Hospitals and Health Care","Solve Meet is an online Universal Support platform that provides comprehensive guidance for every aspect of life. No matter where you are, you can get our help from anywhere in the world. We are dedicated to offering a one-stop solution for all your needs. We cover everything from medical support and business consultancy to IT assistance, education guidance, and more. Our commitment lies in delivering exceptional online solutions through live chat, email, and phone to help you lead a better life. We have a team of professionals who meet strict quality guidelines. They are ready to assist you whenever you need them with genuine care.","https://www.linkedin.com/company/solvemeet.com","solvemeet.com","Privately Held","solvemeet.com",101721535,"BD",true,"Dhanmondi 27, level 7 27 Shaptak Square, plot 380, Road 27, Dhanmondi, Dhaka 1207, dhaka, 1207, BD",156671237,"2026-06-27T03:11:51.516Z",372,"500M-1B"
292,"New Era Exploration","neweraexploration.com","❌ Company Not Found",,,,,,,,,,,,,false,,,,,
293,"CoverMyCamera","covermycamera.app","❌ Company Not Found",,,,,,,,,,,,,false,,,,,
294,"eatsTO — What's the move tonight?","tiktok.com","TikTok","TikTok","https://www.tiktok.com/about",91356,"10,001+ employees","Entertainment Providers","Inspire Creativity and Bring Joy","https://www.linkedin.com/company/tiktok","tiktok","Privately Held","tiktok.com",33246798,"US",true,"Los Angeles, California, US",111154090,"2026-06-30T16:36:49.762Z",4343536,"1B-10B"
295,"ThumblifyAI Agent","thumblifyai.com","Thumblify AI","Thumblify AI","https://thumblifyai.com/",1,"2-10 employees","Design Services","ThumblifyAI is an AI-powered tool that turns your ideas into attention-grabbing thumbnails - fast, simple, and no design skills required.

Whether you're a creator, marketer, or brand, ThumblifyAI helps you design scroll-stopping visuals - powered by AI. Perfect for YouTube, Instagram, Facebook, and more.

Start creating thumbnails that stand out — and get clicked.","https://www.linkedin.com/company/thumblifyai","thumblifyai","Self Owned","thumblifyai.com",106807650,,false,,161936373,"2026-06-17T11:04:25.703Z",104,
297,"Picto","picto.lu","Picto","Picto","http://www.picto.lu",10,"2-10 employees","Marketing Services","Picto, expert en communication print, digitale et création de réseaux au Luxembourg depuis 2011.
 
Agence de communication 360° au Luxembourg, Picto conçoit et déploie des stratégies globales alliant contenus print et digitaux, animation de communautés et organisation d’événements pour renforcer votre image de marque et maximiser votre visibilité.

NOTRE PLUS-VALUE

Donner du sens à ces solutions, pour nos clients. En tant qu’agence engagée, nous mettons un point d’honneur à proposer une approche éco-consciente à chacun de nos projets : choix des supports, éco-conception, partenariats locaux et durables. Nous croyons qu’une communication efficace peut – et doit – être responsable.

Nous accompagnons entreprises, institutions et porteurs de projets du Luxembourg dans la création d’identités fortes, de supports utiles et de canaux de communication en plaçant toujours l’impact au centre de nos décisions. Pour nous, la créativité ne se fait jamais au détriment de l’éthique. Chez Picto, nous sommes convaincus qu’il est possible de conjuguer performance, esthétique et responsabilité pour construire ensemble une communication plus juste, plus humaine et plus respectueuse de notre avenir commun. 

NOS SERVICES

Créer - Imaginer et produire des contenus et supports de communication à fort impact visuel et éditorial :

> Stratégie de communication 
> Identité visuelle
> Création graphique
> Rédaction de contenus
> Production photo & vidéo
> Webpublishing & e-mailing 

Communiquer - Déployer votre message sur les bons canaux, auprès des bonnes audiences :

> Community management
> Publicité et stratégie de diffusion
> Culture de marque & engagement
> Parcours client & expérience utilisateur

Connecter - Créer du lien entre vos parties prenantes, animer des communautés, organiser des rencontres à impact :

> Création et animation de réseaux
> Organisation d’événements
> Gestion de projets événementiels
> Activation de communautés

Contactez-nous : www.picto.lu","https://www.linkedin.com/company/picto-lu","picto-lu","Privately Held","picto.lu",28669373,"LU",true,"1 b, Um Woeller, Soleuvre, Luxembourg 4410, LU",203479704,"2026-07-13T08:33:39.831Z",1664,
298,"Make Look Scanned","lookscanned.io","❌ Company Not Found",,,,,,,,,,,,,false,,,,,
303,"Lolo Downloader","lolo.id","Lolo","Lolo","https://lolo.id/",20,"2-10 employees","IT Services and IT Consulting","Find different service providers, select the service type you're interested in, choose a date and time that works with your calendar and book the appointment right from the app. Hands down, the easiest way to plan and manage your appointments.","https://www.linkedin.com/company/itsloloapp","itsloloapp","Privately Held","lolo.id",79756155,"LV",true,"Riga, LV",143362094,"2026-06-30T10:23:31.553Z",61,"1M-5M"
304,"PureFeed","purefeed.com","THE PURE FEED COMPANY LIMITED","THE PURE FEED COMPANY LIMITED","https://www.purefeed.com",7,"2-10 employees","Food Production","THE PURE FEED COMPANY LIMITED is a horse feed & supplement brand based in the United Kingdom.

Nutritious, complete and excellent value – the Pure range of natural horse feeds are low in sugar and starch, high in fibre, and contain our high-quality broad-spectrum balancer. It’s everything your horse needs nutritionally, all in one convenient bag. It is easy to feed, palatable, competitive and very cost-effective. Our feeds work across a wide variety of horses from Shetland ponies to Olympic eventers.","https://www.linkedin.com/company/the-pure-feed-company-limited","the-pure-feed-company-limited","Privately Held","purefeed.com",19519016,"GB",true,"1st Floor Unit 4 Callow Park, Callow Hill, Brinkworth, Wiltshire SN15 5FD, GB",113095021,"2026-06-27T01:26:55.240Z",203,"0-500K"
305,"LockIn for Chrome","google.com","Google","Google","https://www.google.com/about/careers/applications/",313847,"10,001+ employees","Software Development","A problem isn't truly solved until it's solved for all. Googlers build products that help create opportunities for everyone, whether down the street or across the globe. Bring your insight, imagination and a healthy disregard for the impossible. Bring everything that makes you unique. Together, we can build for everyone.

Check out our career opportunities at goo.gle/3DLEokh","https://www.linkedin.com/company/google","google","Public Company","google.com",1441,"US",true,"1600 Amphitheatre Parkway, Mountain View, CA 94043, US",81760867,"2026-06-30T16:35:47.375Z",41995438,"100B-1T"
333,"HydroJug","thehydrojug.com","HydroJug","HydroJug","https://www.thehydrojug.com/",103,"11-50 employees","Wellness and Fitness Services","At HydroJug we make it easy to drink a gallon each day. Our half-gallon jug, with its attractive appearance and convenient design, has made a strong presence in the fitness and lifestyle industry and is rapidly growing. Our bottles are BPA free and come in a variety of colors that is sure to appeal to everyone. Hydrate with us!","https://www.linkedin.com/company/hydrojug","hydrojug","Partnership","thehydrojug.com",14822602,"US",true,"Ogden, Utah 84401, US",111196788,"2026-06-27T02:55:08.146Z",16702,"10M-25M"
334,"Optomi","optomi.com","Optomi","Optomi","http://www.optomi.com",452,"501-1,000 employees","IT Services and IT Consulting","Established in 2012, Optomi is committed to providing superior IT Talent Services via contract, contract-to-hire, and team augmentation models. Our delivery teams are aligned by competencies focused on 7 key areas in technology. Our skillset-focused approach allows our recruiting teams to become experts within their space and streamline the hiring process. We save you time and money by accelerating your hiring process, as our delivery team truly understands your needs and only brings you the right talent for your team.

Optomi is an official ServiceNow partner.","https://www.linkedin.com/company/optomi","optomi","Privately Held","optomi.com",2684081,"US",true,"One Glenlake Parkway, Suite 1250, Atlanta, GA 30328, US",83596789,"2026-07-01T22:27:24.601Z",851302,"75M-200M"
429,"Kelly Services","kellyservices.com.mx","Kelly Services","Kelly Services","http://kellyservices.com.mx",1888,,,"Kelly Services is a company based out of 1209 Venustiano Carranza, Centro Delegacional 6, Mexico.","https://www.linkedin.com/company/kelly-services","kelly-services",,"kellyservices.com.mx",6782778,"MX",true,"1209 Venustiano Carranza, Centro Delegacional 6, 86000, MX",101626127,"2026-06-27T01:10:36.701Z",33694,"75M-200M"
444,"Gatherly","gatherly.io","Gatherly","Gatherly","https://gatherly.io/",16,"11-50 employees","Events Services","At Gatherly, we're redefining virtual events by transforming passive online meetings into dynamic, immersive experiences. 

Our virtual event venues enable attendees to navigate spaces freely, fostering organic interactions and authentic connections. 

With customizable environments and interactive features, Gatherly replicates the spontaneity of in-person events in a digital setting.

Trusted by over 7,000 events globally, Gatherly supports a wide range of gatherings, from career fairs, industry summits, and conventions, to product training, team recognition events and webinars.

Our mission is to create digital spaces where every participant feels a sense of belonging, facilitating seamless networking, collaboration, and participation.
Experience the future of virtual events with Gatherly—where engagement meets innovation

 Visit Gatherly.io today!","https://www.linkedin.com/company/gatherly","gatherly","Privately Held","gatherly.io",65023340,"CA",true,"Toronto, Ontario M6H 0A4, CA",111223220,"2026-06-30T16:01:49.348Z",2092,"1M-5M"
445,"Avintra","avintra.net","avintra","avintra","avintra.net",,"2-10 employees","Artificial Intelligence","Avintra is an emerging UAE-based advisory and solutions initiative focused on AI-enabled customer communication, digital transformation, and responsible technology adoption for regulated industries. We work around practical business challenges where customer experience, compliance awareness, operational clarity, and secure communication intersect.

Our current focus is on supporting businesses in sectors such as insurance, financial services, and professional services as they rethink how they communicate with clients, manage digital workflows, and adopt AI-enabled tools in a responsible and commercially useful way.
Autotek's origins can be traced back to Dubai in 2022. From that point on, we have embodied a spirit of constant reimagining and reinvention. At Autotek, the pursuit of reimagination is an ongoing journey that never truly ends and is always just beginning.","https://www.linkedin.com/company/avintra","avintra","Self Owned","avintra.net",93832925,"AE",true,"Dubai, AE",208662350,"2026-06-18T23:39:58.694Z",81,
446,"Lumio","lumio.com","Lumio","Lumio","http://lumio.com",756,"5,001-10,000 employees","Services for Renewable Energy","We’re on a mission to make power personal. 

Lumio is a leader in the residential solar industry providing high customer experience, quality, and energy products. As it strives to make power personal for consumers through sustainable power in the home and on-the-go, the company delivers opportunities for personal, diversified, and decentralized power. Built from the town up, Lumio’s team members across the country are dedicated to their stewardship with nature and crafting earth’s best home experience.","https://www.linkedin.com/company/lumiohx","lumiohx","Privately Held","lumio.com",73264843,"US",true,"1550 Digital Dr, #500, Lehi, Utah 84043, US",120623343,"2026-06-30T12:38:05.533Z",14302,"1B-10B"
447,"seo.bike","1digitalagency.com","1Digital Agency","1Digital Agency","https://www.1digitalagency.com/",34,"51-200 employees","IT Services and IT Consulting","1Digital Agency: A collective of innovators, problem-solvers, out-of-the-box visionaries creating eCommerce solutions since 2012. Masters in all things eCommerce, our team of experts excels in website design and development, digital marketing including best in class eCommerce SEO & PPC, support and consulting. Call us industry leaders, really. We’ve developed and launched hundreds of amazing eCommerce websites in countless industries. We take our clients above and beyond with inventive, custom digital marketing strategies to help them grow. With digital experts spanning the globe, our collective mindset is adaptable and responsive, situating us perfectly to propel eCommerce businesses toward unprecedented success.","https://www.linkedin.com/company/1digitalagency-com","1digitalagency-com","Privately Held","1digitalagency.com",3593561,"US",true,"20 N 3rd St, Philadelphia, Pennsylvania, US",90323915,"2026-06-27T00:17:44.254Z",1596,"10M-25M"
448,"NotIncluded","bcorporation.net","B Lab","B Lab","https://www.bcorporation.net/",195,"51-200 employees","Non-profit Organizations","B Lab is transforming the global economy to benefit all people, communities, and the planet. A leader in economic systems change, our global network creates standards, policies, and tools for business, and we certify companies — known as B Corps — who are leading the way. 

To date, our community includes over 9,500 Certified B Corps positively impacting more than 950,000 workers in 102 countries and 161 industries, and more than 300,000 companies that manage their impact with our B Impact Assessment and SDG Action Manager tools.

2020 Fast Company Most Innovative Companies Honoree.","https://www.linkedin.com/company/b-lab-global","b-lab-global","Non Profit","bcorporation.net",69726003,"US",true,"15 Waterloo Avenue, Berwyn, Pennsylvania 19312, US",111229926,"2026-06-27T19:26:44.778Z",100170,"5M-10M"
449,"Alfred Scholar","alfredscholar.com","Alfred Scholar","Alfred Scholar","https://www.alfredscholar.com",1,"2-10 employees","Education","AlfredScholar is an AI-powered research workspace built for PhD students, researchers, and professors.
Most researchers waste hours every week switching between tools - one for citations, one for plagiarism, one for reading papers, another for writing. AlfredScholar brings it all into one place.
What you get:
• Chat with any research paper using AI
• Citation management across APA, MLA, Chicago, and more
• Built-in plagiarism detection
• Manuscript writing with journal-specific guidelines
• Shared workspaces for research labs and teams
Built for the way researchers actually work. Free to start.
=> www.alfredscholar.com","https://www.linkedin.com/company/alfredscholarofficial","alfredscholarofficial","Self Owned","alfredscholar.com",115836330,"IN",true,"Shahada, Maharashtra 425409, IN",209882653,"2026-06-21T23:54:11.263Z",4,
451,"CineKive","metajive.com","Metajive","Metajive","http://www.metajive.com",25,"11-50 employees","Technology, Information and Internet","Metajive is a Webby Award-winning digital experience studio building websites, apps, ecommerce platforms, and applied AI for the world's most demanding brands. Since 2004, we've partnered with global leaders including Google, Nike, HP, Lyft, Porsche, SoftBank, Kaiser Permanente, and ESPN — turning ambitious brand visions into measurable business results.

Headquartered in Encinitas, California, Metajive is part of Together Group, a hand-picked network of creative consultancies, tech innovators, and production studios shaping what's next for luxury and lifestyle brands.

Our work has earned 100+ industry honors from the Webbys, Awwwards, FWA, and Communication Arts.","https://www.linkedin.com/company/metajive","metajive","Privately Held","metajive.com",228932,"US",true,"543 Encinitas Blvd, Unit 113, Encinitas, California 92024, US",82017780,"2026-06-27T01:14:02.614Z",5725,"10M-25M"
452,"Bokkiman","pokemon.com","The Pokémon Company International","The Pokémon Company International","https://corporate.pokemon.com/en-us/",2173,"1,001-5,000 employees","Entertainment Providers","Join one of the most popular children’s entertainment properties in the world! The Pokémon Company International manages the Pokémon property outside of Asia and is responsible for brand management, licensing and marketing, the Pokémon Trading Card Game, the animated TV series, home entertainment, and the official Pokémon website. Pokémon was launched in Japan in 1996 and today is one of the most popular children’s entertainment properties in the world. For more information, visit https://corporate.pokemon.com/en-us/","https://www.linkedin.com/company/pokemon","pokemon","Privately Held","pokemon.com",609119,"US",true,"10400 NE 4th St, Ste. 2800, Bellevue, Washington 98004, US",82361689,"2026-06-27T00:44:31.297Z",334103,"500M-1B"
491,"Public Health Solutions","healthsolutions.org","Public Health Solutions","Public Health Solutions","https://www.healthsolutions.org/",566,"501-1,000 employees","Non-profit Organizations","Public Health Solutions (PHS) is the largest public health nonprofit serving New York City. For over 60 years, PHS has improved health outcomes and helped families thrive by providing services directly to the city’s most vulnerable populations, publishing groundbreaking research that moves public health policy and practice forward, and supporting over 200 community-based organizations through our long-standing government partnerships. We are a leader in addressing crucial public health issues, including food and nutrition, health insurance access, maternal and child health, reproductive health, tobacco control, and HIV/AIDS prevention. PHS has a strong focus on health equity to ensure NYC families have the basics for a healthier life. For more information, visit healthsolutions.org.","https://www.linkedin.com/company/wearephsny","wearephsny","Non Profit","healthsolutions.org",267137,"US",true,"40 Worth Street, 5th Floor, New York, NY 10013, US",92486907,"2026-06-27T04:15:26.779Z",27692,"25M-75M"
499,"Atria Health and Research Institute","atria.org","Atria Health and Research Institute","Atria Health and Research Institute","http://atria.org",377,"201-500 employees","Hospitals and Health Care","The Atria Health and Research Institute is pioneering a precision-based approach to preventive medicine and longevity. We work at the forefront of leading-edge science and technology, and we believe a collaborative approach to modern preventive medicine can extend healthy life for all.

Our Atria Health Institute is a membership-based health care practice delivering personalized, preventive medicine grounded in up-to-the-minute science. 

The Atria Research and Global Health Institute is our nonprofit think tank and research center to advance the cause of preventive medicine for all. Medical breakthroughs have the power to transform lives—but they rarely reach everyone equally. Through original research, strategic partnerships, and evidence-based programs, we work to close these critical gaps in medical care.

We are on a mission to accelerate a global shift from reactive sick care to proactive, preventive health care. Our goal is to prevent disease and extend healthy life for all by turning leading-edge science into medicine. With our longitudinal research, we aim to prove that personalized prevention reduces chronic disease and extends healthy life, and with our clinical practice, we constantly ask one question: What is biologically possible?","https://www.linkedin.com/company/atria-institute","atria-institute","Privately Held","atria.org",79008502,"US",true,"36 East 57th Street, New York, NY 10022, US",133747622,"2026-06-28T22:02:35.209Z",31869,"75M-200M"
599,"ServiceBeard","cedarsbiz.com","Cedars Business Services","Cedars Business Services","https://cedarsbiz.com",18,"201-500 employees","Financial Services","Since 1997, Cedars Business Services, LLC has centered its debt collection business around Putting People First. We understand your situation and aim to help you resolve your debt in a friendly and respectful way.","https://www.linkedin.com/company/cedars-business-services","cedars-business-services","Public Company","cedarsbiz.com",82096587,,false,,143275736,"2026-06-27T03:58:29.757Z",148,"10M-25M"
600,"FetchSandbox","fetchsandbox.com","FetchSandbox","FetchSandbox","https://fetchsandbox.com",,"2-10 employees","Software Development","Drop any OpenAPI spec. Get docs, a stateful sandbox, workflows, and working code — in 60 seconds.

FetchSandbox converts OpenAPI specs into full developer portals with auto-generated documentation, step-by-step workflow guides, a stateful API sandbox with real CRUD and webhooks, and working code examples in curl, Python, and Node.js.

39 API sandboxes live. Stripe, OpenAI, GitHub, Shopify, Twilio, and more.

https://fetchsandbox.com","https://www.linkedin.com/company/fetchsandbox","fetchsandbox","Privately Held","fetchsandbox.com",113337041,"US",true,"San Jose, CA, US",207759774,"2026-07-01T20:23:52.066Z",4,
601,"KwizzEase: DeepWork, Flash Cards, Quiz","google.com","Google","Google","https://www.google.com/about/careers/applications/",313847,"10,001+ employees","Software Development","A problem isn't truly solved until it's solved for all. Googlers build products that help create opportunities for everyone, whether down the street or across the globe. Bring your insight, imagination and a healthy disregard for the impossible. Bring everything that makes you unique. Together, we can build for everyone.

Check out our career opportunities at goo.gle/3DLEokh","https://www.linkedin.com/company/google","google","Public Company","google.com",1441,"US",true,"1600 Amphitheatre Parkway, Mountain View, CA 94043, US",81760867,"2026-06-30T16:35:47.375Z",41995438,"100B-1T"
603,"Second Brain for AI v2","fortelabs.com","Forte Labs","Forte Labs","http://fortelabs.co",8,"2-10 employees","Professional Training and Coaching","We help people leverage the power of technology to realize the full potential of their knowledge, allowing them to eliminate information overload and lead happier, healthier, more fulfilling lives.","https://www.linkedin.com/company/fortelabs","fortelabs","Privately Held","fortelabs.co",3756494,"US",true,"Long Beach, US",103037446,"2026-06-27T02:40:27.177Z",1683,"500K-1M"
604,"Miora","miora.org","MiOra","MiOra","http://www.miora.org/",40,"2-10 employees","Non-profit Organizations","MiOra is a nonprofit organization whose mission is to improve the diversity in healthcare and STEM fields by supporting high school and college students from socioeconomically underrepresented backgrounds. MiOra does this by providing platforms for promising students to access for certificate educational programs, conduct real-world research projects to strengthen their resume, attend local scientific symposia to network and connect with mentors. In high schools MiOra provides Career Counseling Programs and internet based community work opportunity.   MiOra believes in mindful-learning and closely tracks the student's progress and shares it with the community.

For inquiries, please contact ""admin@miora.org"".

Website: www.miora.org
Telephone: (310) 909-3501
Facebook Page: https://www.facebook.com/Miora-729652530480129","https://www.linkedin.com/company/miora-connection","miora-connection","Non Profit","miora.org",7802783,"US",true,"17328 Ventura Blvd, No 190, Encino, CA 91316, US",99570782,"2026-06-28T20:45:29.085Z",574,"1M-5M"
605,"Offer Max","offermax.ai","❌ Company Not Found",,,,,,,,,,,,,false,,,,,
664,"SlotPulse","slotpulse.net","❌ Company Not Found",,,,,,,,,,,,,false,,,,,
665,"Sam / EUTA","thebadassceo.com","Badass CEO","Badass CEO","https://thebadassceo.com/",1,"2-10 employees","Venture Capital and Private Equity Principals","Welcome to The Badass CEO, a resource to ignite your entrepreneurial spirit. We bring you business strategies, life experiences, lessons learned, inspiration, and advice for you to be your best Badass Entrepreneur Self.

The Badass CEO Podcast is hosted by Mimi MacLean.  Mimi is an angel investor turned Podcast Host.  Each week Mimi interviews a female founder or CEO to show you behind the scenes discussions between angel investor and CEO.

To stay in touch check-out www.thebadassceo.com or follow us on social media @badass.ceo

If you love the podcast please share it with your girl gang or write us a review!","https://www.linkedin.com/company/badass-ceo","badass-ceo","Privately Held","thebadassceo.com",69513002,"US",true,"Los Angeles, CA 90272, US",112025216,"2026-06-27T00:03:16.882Z",46,"1M-5M"
667,"OnDevice OCR Pro","ondeviceocr.com","❌ Company Not Found",,,,,,,,,,,,,false,,,,,
668,"JoinCalc","joincalc.com","❌ Company Not Found",,,,,,,,,,,,,false,,,,,
669,"RailMood","railmood.com","RAILMOOD SOLUTIONS","RAILMOOD SOLUTIONS","www.railmood.com",3,"11-50 employees","Transportation, Logistics, Supply Chain and Storage","Servicios de Integración Logística.
Transporte Intermodal (rail / truck)
Traslado por Ferrocarril en líneas Ferromex.
Servicios puerta a puerta (door to door) dentro de Mexico.
Servicio hacia y desde los Estados Unidos (California, Nevada, Arizona y Texas).
Utilizamos contenedores de 53 pies (53' containers).
Servicio Intermodal Marítimo desde los pricipales puertos en México (Veracruz y Manzanillo).","https://www.linkedin.com/company/railmood-solutions","railmood-solutions","Self Owned","railmood.com",89203049,"MX",true,"Naucalpan de Juarez, Mexico 53140, MX",144313855,"2026-06-27T01:30:37.361Z",138,"5M-10M"
671,"Sayonara Beauty Clinic & Acadamy","sayonarabeautyclinic.com","❌ Company Not Found",,,,,,,,,,,,,false,,,,,
672,"[MAC] Claude Notch Usage Companion","reddit.com","Reddit, Inc.","Reddit, Inc.","http://redditinc.com",4984,"1,001-5,000 employees","Social Networking Platforms","Reddit is the heart of the internet, where millions of people get together to talk about any topic imaginable. Share, vote, and decide what matters in everything from breaking news, to fandoms, lifehacks, gaming, sports, health, and the internet’s cutest animals. With over 100,000 subreddit communities about every topic you could think of (and thousands more you couldn’t), whatever it is, there’s a place for you on Reddit. 

Interested in joining our growing team? Check out redditinc.com/careers.","https://www.linkedin.com/company/reddit-com","reddit-com","Public Company","reddit.com",150573,"US",true,"San Francisco, California 94103, US",85237454,"2026-06-30T15:22:59.660Z",502609,"1B-10B"
673,"Two Paths","twopathsllc.org","❌ Company Not Found",,,,,,,,,,,,,false,,,,,
675,"Sleep Science DB","mysleepscience.com","❌ Company Not Found",,,,,,,,,,,,,false,,,,,
676,"Elusive","elusive.services","Elusive","Elusive","https://elusive.services",2,"11-50 employees","Research Services","We build the most advanced, resilient AI-driven systems—designed to accelerate your business.

What We Do:
We enhance the speed and precision of your operations, optimizing everything from processing to search and beyond using Artificial Intelligence. Our solutions ensure measurable efficiency without the fluff.

What We Don’t Do:
We don’t share gimmicks, shortcuts, or hype-driven AI trends. No generic tools, no unreliable tricks—just real, tested innovation.

We prioritize quality and we are quietly pushing the boundaries of AI while sharing research and advancements here on LinkedIn.

Need to reach us? Just send a message—despite being an AI company, a human will reply.","https://www.linkedin.com/company/elusive-services","elusive-services","Privately Held","elusive.services",104999366,,false,,159646207,"2026-06-23T01:23:17.189Z",30,
678,"Nutrition Mate","thenutritionmate.com","❌ Company Not Found",,,,,,,,,,,,,false,,,,,
679,"BTC War","coinmarketcap.com","CoinMarketCap","CoinMarketCap","https://www.coinmarketcap.com/",420,"51-200 employees","Information Services","CoinMarketCap is the most trusted source for real-time crypto market data. We offer transparent pricing, on-chain analytics, DeFi and NFT insights, and powerful APIs used by traders, builders, and institutions worldwide.

We focus on delivering reliable, accessible tools — from portfolio tracking and educational content to AI chatbots and market indicators — all designed to help users research and act with confidence.","https://www.linkedin.com/company/coinmarketcap","coinmarketcap","Privately Held","coinmarketcap.com",14390965,"US",true,"Delaware, DE 19901, US",111171060,"2026-06-30T16:18:16.443Z",276597,"75M-200M"
681,"NexoClicker","nexoclicker.com","❌ Company Not Found",,,,,,,,,,,,,false,,,,,
682,"Destiny Manage","destinyitemmanager.com","❌ Company Not Found",,,,,,,,,,,,,false,,,,,
683,"Impri","impri.com.br","Impri","Impri","http://www.impri.com.br",5,"2-10 employees","Printing Services","A Impri trabalha com serviços gráficos, brindes e presentes personalizados.","https://www.linkedin.com/company/impri","impri","Self Owned","impri.com.br",76193655,"BR",true,"Vila Velha, ES 29109130, BR",193935797,"2026-06-27T00:18:00.184Z",,"1M-5M"
741,"Gitwork","gitwork.co.uk","Gitwork","Gitwork","http://gitwork.co.uk",27,"11-50 employees","Software Development","You built something with AI. Cursor, v0, Lovable, Bolt, Claude Code. It works in the demo. Now it needs to survive real users, real data, and real payments.

That last stretch is where most AI-built apps stall. We are the studio that gets you across it.

Gitwork takes AI-built and half-built apps to production. Three ways in:

Launch Pad, from £4,995. We finish your vibe-coded app and ship it.
MVP Sprint, from £25,000. Idea to working MVP in 4 to 6 weeks.
Greenfield Build, from £15,000/month. An embedded squad for the long haul.

How we build: our own dedicated team, UK staff plus our Islamabad studio, not subcontractors. Global build capacity, UK quality control. Every release is reviewed and deployed by a UK-based senior engineer, to UK standards.

Start with a free 30-minute audit. We will tell you honestly what it takes to ship.","https://www.linkedin.com/company/gitworkgroup","gitworkgroup","Privately Held","gitwork.co.uk",74494678,"GB",true,"Anchorage Quay, Anchorage One, Anchorage Quay, Salford, Manchester M50 3YJ, GB",159263019,"2026-07-02T01:54:13.123Z",1057,"5M-10M"
742,"DreamTuber","dreamtuber.com","❌ Company Not Found",,,,,,,,,,,,,false,,,,,
743,"Facy","facy.ai","❌ Company Not Found",,,,,,,,,,,,,false,,,,,
744,"Mindlify","mindlify.pl","Mindlify","Mindlify","https://mindlify.pl",1,"2-10 employees","Software Development","Mindlify jest działalnością, która skupi się na pomocy ludziom zmagającymi się z problemami natury psychicznej.

Firma w swoim portfolio będzie miała m.in. platformę do odbywania wizyt online z psychologiem, psychiatrą czy psychoterapeutą.","https://www.linkedin.com/company/mindlify","mindlify","Self Owned","mindlify.pl",37839382,"PL",true,"Nisko, PL",150692245,"2026-06-27T05:05:20.023Z",5,"500K-1M"
745,"Connect Marketplace - Book Talent, Grow","informaconnect.com","Informa Connect","Informa Connect","https://informaconnect.com/",983,"1,001-5,000 employees","Information Services","Informa Connect delivers live and on-demand events, training, and specialist digital content to businesses and professionals. We work in close collaboration with industry leaders to curate and create unique and relevant content for our communities and audiences, giving them access to extraordinary people and exceptional insight. 

Informa Connect is a division of Informa PLC.","https://www.linkedin.com/company/informa-connect","informa-connect","Public Company","informaconnect.com",55055743,"GB",true,"240 Blackfriars Road, London, England SE1 8NW, GB",111276120,"2026-06-27T15:26:45.066Z",88402,"500M-1B"
746,"CONTINUUM 2026","tracxn.com","Tracxn","Tracxn","https://www.tracxn.com",1377,"501-1,000 employees","Venture Capital and Private Equity Principals","Founded in 2012 by former Venture Capitalists, Tracxn is a leading market intelligence platform for private company research. We track 7.5M+ companies across 3K+ curated feeds spanning 50+ geographies, covering industries, sectors, sub-sectors, networks, and affiliations globally.

Powered by a unique combination of human analysts and technology, Tracxn scans billions of data points to deliver structured, actionable intelligence for private markets.

Backed by investors such as Accel and Sequoia, Tracxn serves 1000+ customer accounts across 50+ geographies, including Venture Capital and Private Equity funds,Corporate M&A and Innovation teams, Investment Banks, and Fortune 500 companies. Our clients use Tracxn for deal sourcing, identifying acquisition targets, due diligence, portfolio tracking, and monitoring emerging themes across industries.

The platform is also trusted by Governments, Accelerators, Incubators, and Universities for ecosystem mapping and innovation tracking.

Explore opportunities: https://w.tracxn.com/careers","https://www.linkedin.com/company/tracxn","tracxn","Public Company","tracxn.com",3366835,"IN",true,"Tracxn Technologies Limited, No. L248, 2nd Floor 17th Cross Sector 6, HSR Layout, Bengaluru, Karnataka 560102, IN",89119081,"2026-06-30T16:48:32.281Z",62182,"200M-500M"
747,"Mappio","mappio.pro","❌ Company Not Found",,,,,,,,,,,,,false,,,,,
748,"SlipGuard — Public Preview","nitto.com","Nitto Denko Corporation","Nitto Denko Corporation","https://www.nitto.com/",1183,"10,001+ employees","Chemical Manufacturing","Founded in 1918, Nitto has developed our business globally to offer various products in fields such as electronics, automobiles, housing, infrastructure, environment, and medicine.
The Nitto Group strives to become a centennial company that is always trusted by customers, embraced by employees with pride, makes an active contribution to society, and continuously grows on a global scale with our slogan, “Innovation for Customers.”","https://www.linkedin.com/company/nittodenko-corporation","nittodenko-corporation","Public Company","nitto.com",15248490,"JP",true,"33rd Floor, Grand Front Osaka, 4-20, Ofuka-cho, Kita-ku, Osaka, Osaka 530-0011, JP",91613816,"2026-06-30T13:21:42.277Z",15916,"1B-10B"
749,"Loreform","loreform.ai","❌ Company Not Found",,,,,,,,,,,,,false,,,,,
802,"ScamCheck — Is this message a scam?","ftc.gov","Federal Trade Commission","Federal Trade Commission","http://www.ftc.gov/",1257,"1,001-5,000 employees","Government Administration","This is the official LinkedIn account of the Federal Trade Commission (FTC). The FTC is a bipartisan federal agency with a unique dual mission to protect consumers and promote competition. For more than 100 years, our collegial and consensus-driven agency has championed the interests of American consumers. As we begin our second century, the FTC is dedicated to advancing consumer interests while encouraging innovation and competition in our dynamic economy.

To connect with the Commission, see http://www.ftc.gov/stay-connected. 

PRIVACY NOTICE

This is the Federal Trade Commission’s LinkedIn account. LinkedIn is controlled and operated by a third party; it is not a government website or application. The FTC’s privacy policy does not apply. Although the FTC does not routinely maintain, use, or share personally identifiable information from this site, LinkedIn and its partners may collect your information and use tracking technology. Please refer to LinkedIn’s Privacy Policy (https://www.linkedin.com/legal/privacy-policy) to learn more about how the company may use your personal information. Access the FTC’s official web site at www.ftc.gov and its privacy policy at www.ftc.gov/site-information/privacy-policy. 


Note: The FTC does not collect personal information through this LinkedIn page.  

COMMENT POLICY
 
We welcome your comments and thoughts about the information on this page. If you do have something to say, please be courteous and respectful to others. We won’t review or edit any comments before they are posted, but we will delete any comments that:

 - contain spam or are off-topic
 - use vulgar language or offensive terms that target specific groups or contain personal attacks
 - are sales pitches, promotions or links to commercial sites
 - spread clearly misleading or false information
 - include personal information, like home addresses, social security numbers and emails, etc.","https://www.linkedin.com/company/federal-trade-commission","federal-trade-commission","Government Agency","ftc.gov",163780,"US",true,"600 Pennsylvania Ave., NW, Washington, DC 20580, US",81739350,"2026-06-27T00:57:43.460Z",45660,"500M-1B"
803,"Split Fee","split-fee.com","Split Fee","Split Fee","https://split-fee.com",1,"2-10 employees","Software Development","Split Fee is a platform for UK recruitment agencies to collaborate on permanent placements.
                                                                                                                                                                                                                                                                                       Every agency has candidates they can't place and vacancies they can't fill. Another agency almost certainly has what you need — but finding them, trusting them, and making the collaboration work has always been the hard part.

Split Fee solves this. Post your candidates and vacancies to the platform. Our matching algorithm finds opportunities across every agency on the network — by skills, location, salary, and seniority. Candidate and client data stays anonymised until both sides agree to work together. When a placement is made, we handle the fee split and invoicing automatically.

No more posting in social media groups and hoping someone replies. No more sharing candidate details with strangers on trust alone. No more chasing invoices from agencies you barely know.

45% for you. 45% for them. 10% platform fee — only when a placement is made.

Half of a placement fee is infinitely better than none of it.

Launching mid-2026. Join the waitlist at split-fee.com","https://www.linkedin.com/company/split-fee","split-fee","Privately Held","split-fee.com",112292608,,false,,207640110,"2026-06-26T15:46:51.582Z",37,
804,"AIBA","aiba.it","AIBA","AIBA","http://www.aiba.it/",56,"2-10 employees","Insurance","AIBA è l’associazione di riferimento per i professionisti del brokeraggio assicurativo, con oltre 1100 aziende associate su tutto il territorio nazionale.

La sua mission è qualificare ulteriormente il ruolo del broker, tutelarne la professionalità e, quindi, salvaguardare i diritti dei clienti.

I broker associati AIBA hanno sottoscritto il Codice Deontologico dell’Associazione, che garantisce i più elevati standard di professionalità, indipendenza e trasparenza.

AIBA è un interlocutore qualificato presso i player del settore assicurativo e le istituzioni. Iscritta al Registro dei Rappresentanti di interessi presso la Camera dei Deputati, Aiba è accreditata presso il Parlamento con funzioni di lobbying e rappresentanza degli interessi di settore.

Verso i broker associati AIBA svolge un ruolo di rappresentanza e garanzia globale, offre servizi di formazione, di promozione di attività culturali ed eventi, di definizione di accordi e convenzioni con società di servizi.

AIBA è ammessa al B.I.P.A.R., l’organismo sovranazionale degli intermediari di assicurazioni e riassicurazioni, che attualmente raggruppa le associazioni di circa cinquanta paesi.","https://www.linkedin.com/company/associazioneitalianabrokers","associazioneitalianabrokers","Partnership","aiba.it",37374032,"IT",true,"Via Jacopo da Ponte, 49, Roma, Lazio 00197, IT",114010430,"2026-06-27T03:57:46.855Z",4830,"25M-75M"
805,"Life OS | The Viral Notion Planner","notion.com","Notion","Notion","https://notion.com",6353,"501-1,000 employees","Software Development","Notion blends your everyday work tools into one. Product roadmap? Company wiki? Meeting notes? With Notion, they're all in one place, and totally customizable to meet the needs of any workflow. It's the all-in-one workspace for you, your team, and your whole company. 

We humans are toolmakers by nature, but most of us can't build or modify the software we use every day — arguably our most powerful tool. Our team at Notion is on a mission to make it possible for everyone to shape the tools that shape their lives.","https://www.linkedin.com/company/notionhq","notionhq","Privately Held","notion.com",30898036,"US",true,"San Francisco, California 94110, US",111180280,"2026-06-30T13:15:28.777Z",1060904,"1B-10B"
806,"Taboo","taboo-consulting.com","Taboo","Taboo","www.taboo-consulting.com",7,"2-10 employees","Business Consulting and Services","Taboo is the first company in Israel that specializes in menopause and its effects in the workplace. 
We collaborate to develop tailored menopause in the workplace training, educational programs, policies, and practices. 
By prioritizing and paying attention to the issue of menopause, your organization can significantly improve performance and financial results, while building and nurturing a positive and attractive work environment for your employees.","https://www.linkedin.com/company/tabooconsulting","tabooconsulting","Self Employed","taboo-consulting.com",100321889,"IL",true,"Tel Aviv, IL",151638736,"2026-06-27T01:46:59.974Z",1219,"1M-5M"
807,"Genix.ai - Precision Genomics Wellness","genix.ai","Genix.ai","Genix.ai","https://genix.ai",6,"2-10 employees","Hospitals and Health Care","Accelerating genomics research with machine learning and cloud tools. Zero setup up time for any scale of Bioinformatics analysis. Fully automated with powerful reports.","https://www.linkedin.com/company/genix-ai","genix-ai","Privately Held","genix.ai",80287408,"IN",true,"Tiruchirapalli, IN",144061345,"2026-06-27T02:05:52.283Z",759,"1M-5M"
808,"IndiePact","indiepact.pro","❌ Company Not Found",,,,,,,,,,,,,false,,,,,
809,"Roast My Funnel","roastmyfunnel.co","❌ Company Not Found",,,,,,,,,,,,,false,,,,,
810,"Zero Pest Solution Pvt. Ltd.","zeropestsolutions.com","❌ Company Not Found",,,,,,,,,,,,,false,,,,,
811,"Hard to Love Quiz","gotoquiz.com","❌ Company Not Found",,,,,,,,,,,,,false,,,,,
812,"Simple Workflow","simpleworkflow.in","Simple Workflow","Simple Workflow","https://app.simpleworkflow.in",2,"2-10 employees","IT Services and IT Consulting","If you are using WhatsApp groups to communicate with your team, assigning tasks, checking status or doing followups, switch to Simple Workflow and your life will become simpler.","https://www.linkedin.com/company/simple-workflow","simple-workflow","Privately Held","simpleworkflow.in",79608449,,false,,141652531,"2026-06-27T02:05:58.537Z",125,"1M-5M"
813,"Rakit","rakitmedia.com","❌ Company Not Found",,,,,,,,,,,,,false,,,,,
814,"Sapta Luggage Storage and Transfers","saptaluggagetransfers.com","❌ Company Not Found",,,,,,,,,,,,,false,,,,,